x,Curve1,,,,T,young,shear,poisson
0,25.614,,,,700,70.3,27.251,0.289860923
200,25.848,,,,750,68.85,26.9005,0.27971599
300,25.731,,,,800,67.4,26.55,0.269303202
400,27.602,,,,,,,
500,27.836,,,,,,,
600,27.719,,,,,,,
700,27.251,,,,,,,
800,26.55,,,,,,,
